Person_ID,Full_Name,DOB,ID_Type,ID_Number,Address,Selfie_Image,ID_Image
1,Michael Black,1978-02-07,DriverLicense,WI7759673,"52175 Jones Turnpike Apt. 681, New John, MA 84940",selfie_1.jpg,id_1.jpg
2,Brandon Foley,1990-06-04,Passport,JN8773930,"158 Alison Circles Apt. 490, Lake Jessicamouth, IA 82622",selfie_2.jpg,id_2.jpg
3,Rebecca Hernandez,1983-04-11,PAN,JV1704641,"107 Bradley Cliff Suite 755, Howardland, CT 88637",selfie_3.jpg,id_3.jpg
4,Mark Walls,2001-05-08,VoterID,AH1912616,"74832 Joseph Terrace Apt. 616, Dustintown, SC 99380",selfie_4.jpg,id_4.jpg
5,Heather Briggs,1985-12-14,PAN,FN9879597,"892 Denise Course Suite 523, Woodardshire, NC 46308",selfie_5.jpg,id_5.jpg
6,Adam Anderson,1964-05-26,VoterID,OX4240977,"7161 Mary Mills Apt. 470, Yoderburgh, DC 39185",selfie_6.jpg,id_6.jpg
7,Anthony Mayo,1972-02-17,VoterID,SX8109651,"1881 Smith Union, New Scott, PA 53361",selfie_7.jpg,id_7.jpg
8,Thomas Powell,1965-09-26,VoterID,VX9349466,"930 Anderson Turnpike, Lake Allisonton, NE 71612",selfie_8.jpg,id_8.jpg
9,Lisa Kennedy,1974-11-07,Aadhaar,OF3926700,"050 Christine Greens Apt. 300, East Carolineburgh, OR 61233",selfie_9.jpg,id_9.jpg
10,Jessica Jacobs,1991-11-25,VoterID,GS8634472,"8254 Fleming Plaza Suite 022, New Laurenfurt, WY 52661",selfie_10.jpg,id_10.jpg
11,Jeremiah Anderson,1982-12-29,PAN,VD7041530,"0871 Erik River, Terryside, ME 90161",selfie_11.jpg,id_11.jpg
12,Brian Dalton,1994-04-28,VoterID,HH1102771,"901 Perez Valley, Port Rickeyshire, AK 81387",selfie_12.jpg,id_12.jpg
13,Carl Luna,2002-06-04,VoterID,VX1782339,"8393 Knox Wells Suite 807, Gomezview, SD 84968",selfie_13.jpg,id_13.jpg
14,Alyssa Edwards,1964-10-19,DriverLicense,OR1174816,"54220 Tammy Cove Suite 656, Riosfort, RI 26319",selfie_14.jpg,id_14.jpg
15,Nicholas Nguyen,1986-11-26,PAN,QH6588912,"0079 Amanda Cliffs Apt. 453, Nelsonfort, KS 01706",selfie_15.jpg,id_15.jpg
16,Amber Greer,2003-07-02,DriverLicense,MF1074001,"91712 Horton Crescent, Lake Waltermouth, NC 32828",selfie_16.jpg,id_16.jpg
17,Jennifer Spence,2007-04-07,Aadhaar,TS3830136,"9728 Fields Locks Apt. 375, Lake Edward, OH 47699",selfie_17.jpg,id_17.jpg
18,Justin Velasquez,2004-11-11,DriverLicense,BJ1028001,"12355 Megan Passage, West Keithmouth, DC 82481",selfie_18.jpg,id_18.jpg
19,Kimberly Obrien,1979-03-28,DriverLicense,LH0969071,"925 Martinez Isle, Macdonaldberg, MI 54774",selfie_19.jpg,id_19.jpg
20,Zachary Simon,1990-11-04,PAN,RV3959841,"14026 Hayes Inlet, Johnsonton, KS 73786",selfie_20.jpg,id_20.jpg
21,Caitlin Hammond,1997-09-05,Aadhaar,ZN7093114,"USS Hughes, FPO AA 13414",selfie_21.jpg,id_21.jpg
22,Sara Barber,1986-11-01,Aadhaar,YM8640374,"6473 Bryan Heights Apt. 960, South Nicole, CO 83607",selfie_22.jpg,id_22.jpg
23,Mark Gilbert,1987-10-30,DriverLicense,FC0796433,"2244 Mclaughlin Forest Suite 710, Lake Amberfurt, KY 48318",selfie_23.jpg,id_23.jpg
24,Rodney Ray,2000-03-07,DriverLicense,FP5790638,"816 Obrien Lodge Suite 994, Hartville, FL 27056",selfie_24.jpg,id_24.jpg
25,Heather Williams,1995-12-23,PAN,RY8436083,"0113 Nicholas Ways Apt. 486, Chavezberg, IL 97469",selfie_25.jpg,id_25.jpg
26,Kenneth Warner DDS,2000-05-04,Passport,QL2336407,"086 Kimberly Center Apt. 116, Bennettmouth, KS 11315",selfie_26.jpg,id_26.jpg
27,Benjamin Herrera,1983-05-04,DriverLicense,SI0595825,"3091 Timothy Village, South Robertmouth, CT 69031",selfie_27.jpg,id_27.jpg
28,Miss Stephanie Cardenas PhD,2006-12-24,DriverLicense,JE9535299,"475 Mary Common Apt. 843, West Jamesshire, PA 67441",selfie_28.jpg,id_28.jpg
29,Paul Conrad,1971-09-06,DriverLicense,XQ2681037,"9196 Pacheco Rapid, Jessicahaven, DC 19577",selfie_29.jpg,id_29.jpg
30,Kristina Mejia,2001-08-29,PAN,RB4982238,"894 Melissa Street Apt. 069, Lake Aimee, TX 09426",selfie_30.jpg,id_30.jpg
31,James Page,1962-02-09,VoterID,DV0031914,"687 Sally Mountain, Melindashire, MN 98360",selfie_31.jpg,id_31.jpg
32,Carol Hart,1998-03-15,DriverLicense,TN5173512,"PSC 3997, Box 6685, APO AP 61015",selfie_32.jpg,id_32.jpg
33,Thomas Jordan,1986-05-13,PAN,XJ2214839,"413 Matthew Throughway, Elizabethton, WA 57045",selfie_33.jpg,id_33.jpg
34,Jon Woodard,2004-06-30,DriverLicense,KV0663357,"6464 Daniel Mill Apt. 497, North Jaimeview, NJ 74353",selfie_34.jpg,id_34.jpg
35,Regina Perez,1969-01-12,Passport,IF5916412,"42022 Contreras Cove Apt. 497, Jessicaville, SD 92197",selfie_35.jpg,id_35.jpg
36,Mrs. Morgan Mendoza,1995-03-24,Passport,PA1081722,"25492 Davis Plaza Suite 937, Robertville, CO 50669",selfie_36.jpg,id_36.jpg
37,Kathleen Holden,2000-05-02,VoterID,BT9873237,"24950 Kim Parkways, Nelsonstad, UT 26326",selfie_37.jpg,id_37.jpg
38,Katherine Reynolds,1971-11-16,Aadhaar,TF5297863,"111 Maldonado Street Apt. 855, Hallton, DC 74352",selfie_38.jpg,id_38.jpg
39,Austin Smith,1997-04-19,DriverLicense,NO6481955,"99687 Lambert Motorway Suite 863, South Darren, IA 99182",selfie_39.jpg,id_39.jpg
40,Derek Lester,1970-11-06,DriverLicense,SD3138500,"81765 Katie Port, North Dannyhaven, GA 64036",selfie_40.jpg,id_40.jpg
41,Natalie Weeks,1995-09-05,DriverLicense,IQ7845907,"657 Brooke Roads Apt. 860, West Jamesmouth, SD 05207",selfie_41.jpg,id_41.jpg
42,Nancy Thompson,1981-06-20,Passport,WO8404569,"891 Nelson Greens, Cynthiashire, GA 69151",selfie_42.jpg,id_42.jpg
43,Jacqueline Rios,2003-12-01,DriverLicense,EU7605581,"4039 Kevin Passage Suite 228, Davidburgh, FL 36922",selfie_43.jpg,id_43.jpg
44,Andrew Pratt,1976-10-16,VoterID,DW2881973,"684 Meghan Ports, Port Christina, CT 65334",selfie_44.jpg,id_44.jpg
45,Justin Christensen,1991-02-28,PAN,NV7951500,"4679 Bowman Fall, Yumouth, MS 94669",selfie_45.jpg,id_45.jpg
46,Steven Matthews,1961-05-18,PAN,TG6313114,"047 Donaldson Junctions Suite 744, Torreston, TX 28370",selfie_46.jpg,id_46.jpg
47,Kristopher Levy,1965-01-16,DriverLicense,UK5149904,"86930 Webb Point Apt. 602, East Barryberg, IN 56179",selfie_47.jpg,id_47.jpg
48,Carrie Welch,1969-04-24,Aadhaar,OD2072795,"897 Gonzalez Coves, Port Patrick, ND 81404",selfie_48.jpg,id_48.jpg
49,Brandon Hodges,1959-08-29,PAN,MO9973314,"57668 Lynn Circle, Port Natasha, ME 58669",selfie_49.jpg,id_49.jpg
50,Crystal Odonnell,1965-06-04,Aadhaar,SA5418221,"080 Lori Haven, Smithbury, TN 35305",selfie_50.jpg,id_50.jpg
51,Nathan Torres,1994-06-16,Passport,AF0847682,"52943 Singh Island Suite 708, New Ashleymouth, MT 97413",selfie_51.jpg,id_51.jpg
52,Gary Bell,1982-07-14,PAN,JM3123921,"6488 Conrad Corners Apt. 805, North Nicholas, WA 20672",selfie_52.jpg,id_52.jpg
53,Justin Campbell,1961-02-10,DriverLicense,TV7026970,"93748 Madden Estate, Cartermouth, GA 83343",selfie_53.jpg,id_53.jpg
54,Jill Torres,1997-08-11,DriverLicense,AR3453606,"5033 Scott Views, South Megan, WV 67257",selfie_54.jpg,id_54.jpg
55,Joseph Griffin,1996-07-14,DriverLicense,LK8804242,"2533 Smith Pass Suite 795, Lawsonstad, PA 66796",selfie_55.jpg,id_55.jpg
56,Kari Schneider,1973-08-19,Passport,BT8142041,"6986 Dennis Villages, Brownborough, OR 21643",selfie_56.jpg,id_56.jpg
57,Courtney Waller,1971-10-11,Passport,ZJ6293601,"606 Ashley Fort Suite 067, Lake Matthewville, NC 79979",selfie_57.jpg,id_57.jpg
58,Robert Trujillo,1992-12-20,Aadhaar,SD7541249,"9303 Chen Burgs, Alvarezmouth, SC 24860",selfie_58.jpg,id_58.jpg
59,Sarah Thomas,1967-09-05,DriverLicense,ZK5638549,"USNV Hernandez, FPO AE 19647",selfie_59.jpg,id_59.jpg
60,Amanda Doyle,1979-05-25,DriverLicense,SW2977911,"3502 Ryan Mill Apt. 584, South Michelle, SD 72711",selfie_60.jpg,id_60.jpg
61,Charles Harvey,2007-06-01,VoterID,GQ8189944,"17334 Waller Land Apt. 286, East Jennifer, HI 68033",selfie_61.jpg,id_61.jpg
62,Kevin Espinoza,1983-06-05,DriverLicense,BQ7039510,"2465 Christopher Cliff, Markberg, AK 68683",selfie_62.jpg,id_62.jpg
63,Jane Blake,2007-04-06,Aadhaar,TP3756266,"2378 Nancy Branch, Briannaport, ID 64431",selfie_63.jpg,id_63.jpg
64,Dr. Keith Kim PhD,1972-12-23,PAN,NZ1050256,"1898 Mary Knoll, Lake Scottburgh, HI 69101",selfie_64.jpg,id_64.jpg
65,James Harper,1975-01-31,PAN,QZ7652946,"3102 Gomez Parkway Suite 267, South Andrewstad, ID 76756",selfie_65.jpg,id_65.jpg
66,Christopher Pennington DDS,1992-09-26,VoterID,JW4748248,"721 Bryant Freeway, Angelachester, MI 34091",selfie_66.jpg,id_66.jpg
67,Michelle Reyes,1998-09-29,DriverLicense,NT1466731,"7685 Craig Circle, Thomasborough, NJ 55408",selfie_67.jpg,id_67.jpg
68,Anthony Dougherty,1985-09-20,DriverLicense,ET5649044,"Unit 8900 Box 5040, DPO AP 14849",selfie_68.jpg,id_68.jpg
69,Amanda Davidson,1995-09-20,Aadhaar,YY8742002,"83056 Gonzalez Rest, Port Carriemouth, NE 65491",selfie_69.jpg,id_69.jpg
70,Daniel Morris,1979-09-16,PAN,EN0734823,"59660 Harrington Mission Apt. 662, Brittanytown, VA 08102",selfie_70.jpg,id_70.jpg
71,Thomas King,1995-02-15,Passport,KJ0472594,"3302 Alicia Street Suite 989, New Antonio, MD 45171",selfie_71.jpg,id_71.jpg
72,Ronald Chan,2006-05-26,VoterID,YQ4910527,"8989 Zimmerman Drive, East Jason, NH 01338",selfie_72.jpg,id_72.jpg
73,Andrew Smith,1969-10-07,Aadhaar,ZF0133557,"67892 Benjamin Trace Suite 279, East Robert, HI 37646",selfie_73.jpg,id_73.jpg
74,Devin Beck,1963-01-31,Aadhaar,JB4717326,"99240 Javier Drive Suite 757, West Oscar, LA 71106",selfie_74.jpg,id_74.jpg
75,Andrew Eaton,1997-12-30,PAN,YW7485937,"PSC 6138, Box 0485, APO AP 09641",selfie_75.jpg,id_75.jpg
76,Jean Cook,2006-02-04,Passport,XS9490105,"50858 Matthew Corners Apt. 826, Jimmyton, KY 61290",selfie_76.jpg,id_76.jpg
77,Kevin Williams,2001-11-28,Passport,OU7976064,"3128 Prince Throughway Suite 359, New Jeffreyview, TN 07114",selfie_77.jpg,id_77.jpg
78,Luis Hampton,2003-09-23,VoterID,NC3511242,"Unit 0285 Box 1962, DPO AA 76788",selfie_78.jpg,id_78.jpg
79,Danielle Fuller,1970-06-14,PAN,IY5592372,"82907 Ramirez Ridge Suite 557, Longborough, MT 33903",selfie_79.jpg,id_79.jpg
80,Luke Reeves,1993-11-01,Aadhaar,RA4675254,"09616 Michael Keys, East Ginafort, RI 62436",selfie_80.jpg,id_80.jpg
81,Cynthia Mcpherson,1970-11-03,DriverLicense,XD6094624,"067 Lamb Lights Suite 878, Ericberg, IL 85935",selfie_81.jpg,id_81.jpg
82,Carla Ortiz,2000-02-24,Passport,WQ2429923,"PSC 5432, Box 3800, APO AE 17584",selfie_82.jpg,id_82.jpg
83,Melissa Long,1974-02-28,VoterID,GP4330200,"037 Young Circle, Patriciafort, PA 90021",selfie_83.jpg,id_83.jpg
84,Richard Allen,1987-07-11,Aadhaar,FI7512190,"4451 Young Via, Kentbury, MO 23791",selfie_84.jpg,id_84.jpg
85,Deborah Donaldson,1969-10-02,VoterID,RD8039818,"709 Ray Knoll Suite 918, East Rodneyberg, ME 80768",selfie_85.jpg,id_85.jpg
86,Kylie Ellis,1970-09-26,VoterID,KI2056364,"9270 Klein Vista Apt. 294, South Margaretmouth, UT 01682",selfie_86.jpg,id_86.jpg
87,Elizabeth Graham,1968-07-15,DriverLicense,GT9148090,"8022 Robert Landing, West Carolynfort, NM 12244",selfie_87.jpg,id_87.jpg
88,Shane Holder,2007-06-23,PAN,QI4482471,"55307 Richardson Forge Apt. 218, Lake Brandy, KY 93162",selfie_88.jpg,id_88.jpg
89,Michael Fleming,2004-05-27,DriverLicense,QU0524653,"0392 Natasha Inlet, Shannonshire, OH 58502",selfie_89.jpg,id_89.jpg
90,Sheila King,2003-10-28,Passport,CX1673702,"48373 Tim Port, South Paul, PA 08453",selfie_90.jpg,id_90.jpg
91,James Ortega,2004-11-21,DriverLicense,DJ7534048,"0480 Burton Garden Apt. 867, East Katelyn, DC 85730",selfie_91.jpg,id_91.jpg
92,Amanda Murphy,1964-12-28,PAN,NF0793398,"USS Anderson, FPO AE 63699",selfie_92.jpg,id_92.jpg
93,Sheri Murphy,1965-08-03,Aadhaar,HR6310634,"PSC 5567, Box 3160, APO AE 84843",selfie_93.jpg,id_93.jpg
94,Darrell Flores,1995-07-29,VoterID,QY1828795,"PSC 9507, Box 0992, APO AA 01013",selfie_94.jpg,id_94.jpg
95,Alicia Kennedy,1998-06-02,PAN,QY0731903,"8946 Jeremy Isle Apt. 348, Gamblefurt, OR 98618",selfie_95.jpg,id_95.jpg
96,Debra Spencer,1961-05-06,PAN,HO9055652,"4451 Malone Mission Suite 780, East George, AZ 87333",selfie_96.jpg,id_96.jpg
97,Matthew Thompson,1980-09-03,Aadhaar,FD0650464,"453 Danielle Mall Suite 393, Port James, AZ 46145",selfie_97.jpg,id_97.jpg
98,Anne Williams,1991-04-02,DriverLicense,DC0163347,"908 Robinson Summit, Wilsonport, AZ 14612",selfie_98.jpg,id_98.jpg
99,Chase Smith,1981-10-31,PAN,HC1272079,"000 Don Bypass, South Shawnmouth, KY 45457",selfie_99.jpg,id_99.jpg
100,Billy Jimenez,1987-08-12,Aadhaar,TT7337308,"2673 Jeffrey Turnpike Apt. 716, Port Kyle, ID 77804",selfie_100.jpg,id_100.jpg
101,Monica Kelley,1967-07-02,VoterID,UM3830122,"5539 Turner Key Suite 645, Davidside, AZ 41352",selfie_101.jpg,id_101.jpg
102,Richard Parker,1970-07-13,Aadhaar,QG9201955,"7933 Daniels Ridges Suite 025, South Charlesstad, NE 77634",selfie_102.jpg,id_102.jpg
103,Debra Diaz,2006-04-17,VoterID,TY7771769,"996 Freeman Viaduct Suite 847, Chrisburgh, OH 56612",selfie_103.jpg,id_103.jpg
104,Frank Harris,2001-07-14,Passport,OW5057895,"6602 Thompson Rapids Suite 139, West Sarahtown, OR 36397",selfie_104.jpg,id_104.jpg
105,Dr. Chad Ferrell Jr.,1974-09-25,DriverLicense,GA3588394,"72412 Sean Lights Suite 530, New Nathan, TX 86576",selfie_105.jpg,id_105.jpg
106,Jeffrey Gordon,1987-10-11,DriverLicense,TK3969738,"28243 Kelly Tunnel Apt. 941, East Johnton, GA 01369",selfie_106.jpg,id_106.jpg
107,John Marquez,1990-05-20,PAN,RK4671877,"05466 Flores Track, Stephentown, ND 93584",selfie_107.jpg,id_107.jpg
108,Ann Thompson,2005-03-22,DriverLicense,AR2741686,"90926 Ruben Terrace, Hicksshire, OK 02535",selfie_108.jpg,id_108.jpg
109,Cheryl Garcia,2001-11-13,VoterID,DX6203909,"65238 Sutton Knoll, West Bryan, OH 27269",selfie_109.jpg,id_109.jpg
110,Karen Orozco,2001-10-31,Aadhaar,ZH6622935,"5635 Jenny Loaf Suite 533, Port Daniellebury, KY 28148",selfie_110.jpg,id_110.jpg
111,Joshua Richardson,1971-12-22,VoterID,VY1295792,"USNS Lawrence, FPO AE 52119",selfie_111.jpg,id_111.jpg
112,Jason Bishop Jr.,1975-02-21,Aadhaar,TT5101307,"70069 Rachel Views Apt. 189, Lake Alexandrafort, VA 71503",selfie_112.jpg,id_112.jpg
113,Carol Smith,1976-01-08,VoterID,WN0350359,"320 Leon Forge Suite 291, North Kurt, MO 52468",selfie_113.jpg,id_113.jpg
114,Amanda Grant,1960-10-29,Aadhaar,BB2872955,"PSC 2011, Box 3151, APO AA 77172",selfie_114.jpg,id_114.jpg
115,James Henderson,1963-12-24,Aadhaar,DR9192308,"3383 Greene Stravenue, Cameronberg, RI 58160",selfie_115.jpg,id_115.jpg
116,Robert Nguyen,1997-07-30,DriverLicense,EJ4395534,"08871 Ray Mount Suite 518, Melissaborough, MO 14046",selfie_116.jpg,id_116.jpg
117,Keith Murphy,1997-09-26,Passport,QY8463697,"8716 Willie Crescent, Kristinchester, ND 85215",selfie_117.jpg,id_117.jpg
118,Roger Gomez,2005-05-26,PAN,MK9015904,"6796 Maureen Islands Suite 461, West Matthew, MO 28131",selfie_118.jpg,id_118.jpg
119,Matthew Wilson,1962-12-23,PAN,WP0858426,"17858 Webster Hollow, Downsland, VA 31199",selfie_119.jpg,id_119.jpg
120,Beverly Olson,1992-05-15,DriverLicense,XX6676989,"6450 Lopez Turnpike, Port Chloe, NY 76254",selfie_120.jpg,id_120.jpg
121,Johnathan Collins,1994-11-27,PAN,ML6908784,"474 Brandon Circles, Sloanhaven, OH 36623",selfie_121.jpg,id_121.jpg
122,Caleb Coffey,1977-01-23,Passport,OF0496272,"46205 Owens Village Suite 593, South Terryton, AR 03450",selfie_122.jpg,id_122.jpg
123,Jenna Harris,1961-01-07,VoterID,IE7314831,"71661 Caleb Forest, Davidmouth, WY 79570",selfie_123.jpg,id_123.jpg
124,Martha Anderson,1989-10-14,VoterID,YG8995404,"0392 William Pine Suite 306, Simmonsstad, ID 25978",selfie_124.jpg,id_124.jpg
125,Larry Hutchinson,1996-02-01,Aadhaar,ZT2993277,"3125 Daniel Mews Suite 986, Lake Christinefurt, MT 98334",selfie_125.jpg,id_125.jpg
126,Lauren Williamson,1976-07-16,VoterID,CS9399124,"1643 Rogers Track, West Dylan, MN 90658",selfie_126.jpg,id_126.jpg
127,James Gonzalez,1981-06-14,PAN,JK5060534,"53107 Vickie Forge, Petersonmouth, VA 34581",selfie_127.jpg,id_127.jpg
128,Steven Pruitt,1968-11-20,PAN,CE6112440,"7302 Linda Inlet Suite 531, Smithview, NJ 99354",selfie_128.jpg,id_128.jpg
129,Valerie Johnson,1969-05-16,DriverLicense,FY0578829,"8569 Timothy Shore, Darrylport, MS 16440",selfie_129.jpg,id_129.jpg
130,Lori Hernandez,1995-07-14,DriverLicense,PI9081692,"6395 Hansen Locks, South Donnachester, CT 32339",selfie_130.jpg,id_130.jpg
131,Sydney Wilson,1992-02-10,PAN,QC1656460,"3995 Roberts Trail Apt. 370, Lake Bryan, CT 36670",selfie_131.jpg,id_131.jpg
132,James Norton,1977-12-10,Passport,OY9826380,"314 Reginald Squares, Lopezborough, AL 99596",selfie_132.jpg,id_132.jpg
133,Natalie Perez,1971-07-01,Passport,HB3819133,"651 Taylor Canyon Apt. 267, Port Charlesmouth, MA 47444",selfie_133.jpg,id_133.jpg
134,Kayla Thomas,1989-01-19,Passport,PV6061370,"345 Mccullough Neck Suite 946, South Christinaside, WY 23314",selfie_134.jpg,id_134.jpg
135,Jason Mccoy,2007-03-18,Aadhaar,AJ3925010,"797 Solis Ville, Lake Karinabury, WI 84475",selfie_135.jpg,id_135.jpg
136,Becky Sawyer,1968-11-23,DriverLicense,SX7218280,"7595 Miller Causeway, Cameronville, LA 81845",selfie_136.jpg,id_136.jpg
137,Michael Hicks,1999-08-20,Passport,XJ7301304,"78932 Blair Orchard, South Carlos, HI 72333",selfie_137.jpg,id_137.jpg
138,Ann Thompson,1975-07-05,VoterID,HC8033240,"68823 Joe Heights Apt. 405, East Austin, GA 68989",selfie_138.jpg,id_138.jpg
139,Rebekah Lewis,2000-10-26,DriverLicense,QW2343024,"0302 Todd Union Suite 753, New Stephanie, CA 52870",selfie_139.jpg,id_139.jpg
140,Jonathan Fuller,1985-07-31,DriverLicense,BN0122105,"59928 Sean Parkway, Crystalmouth, GA 55267",selfie_140.jpg,id_140.jpg
141,Laura Wilson,1972-11-21,Aadhaar,YG5036917,"236 Johnson Walks, Rodriguezhaven, VT 18656",selfie_141.jpg,id_141.jpg
142,Olivia Miles,1970-12-08,Aadhaar,TQ0411976,"55652 Sarah Inlet Suite 324, Hoffmanchester, KY 78403",selfie_142.jpg,id_142.jpg
143,Jackson Walker,1968-09-04,Aadhaar,QF2823395,"24229 Mcintyre Manor Apt. 136, Hufffurt, CT 70808",selfie_143.jpg,id_143.jpg
144,Robert Koch,1984-03-23,DriverLicense,RG4230485,"97310 Mariah Landing Apt. 788, Brownbury, CO 36142",selfie_144.jpg,id_144.jpg
145,Sara Wang,1962-05-18,PAN,ZV1808396,"357 Pamela Ford Suite 475, Randyland, KY 08300",selfie_145.jpg,id_145.jpg
146,Maria Cruz,1985-06-08,Aadhaar,EE9341138,"PSC 3067, Box 4965, APO AP 11944",selfie_146.jpg,id_146.jpg
147,Kelsey Johnson,2006-08-30,Passport,UH8346757,"283 Michael Manors, Gonzaleztown, VA 14074",selfie_147.jpg,id_147.jpg
148,Cynthia Smith,1999-07-22,Passport,MG5125753,"15099 Cherry Valleys Apt. 737, New Nicole, WY 77266",selfie_148.jpg,id_148.jpg
149,Patricia Mitchell,1970-02-25,Passport,SX2282842,"92523 Raymond Spring, Edwardmouth, AL 14519",selfie_149.jpg,id_149.jpg
150,Sarah Williams,1997-01-18,VoterID,QM6971349,"286 Glenn Track, Adriennemouth, PA 46045",selfie_150.jpg,id_150.jpg
151,Nicholas Hayes,1987-11-14,VoterID,LB7281168,"5703 Hill Circle, South Nicole, IL 01182",selfie_151.jpg,id_151.jpg
152,Jeffrey Franklin,1995-04-13,Aadhaar,QR4468842,"0872 Anderson Turnpike, West Laura, ND 01040",selfie_152.jpg,id_152.jpg
153,Anna Duarte,1994-03-25,DriverLicense,ZJ7107491,"0536 Obrien Square, Rushborough, NM 97618",selfie_153.jpg,id_153.jpg
154,Kelsey Stevens,1969-10-15,Aadhaar,IA6064179,"59698 Williams Harbor Suite 636, Sarahville, MD 11029",selfie_154.jpg,id_154.jpg
155,Miguel Rodriguez,1970-08-05,Passport,DV5086890,"60606 Gary Roads, Petersonville, HI 12914",selfie_155.jpg,id_155.jpg
156,Kimberly Wallace,1999-04-09,DriverLicense,HK7314285,"4611 Baker Street Suite 962, Lake Michelle, DE 45863",selfie_156.jpg,id_156.jpg
157,Dustin Young,1988-11-21,Passport,ZP5299186,"670 Rebecca Cape, Johnsonbury, NM 99272",selfie_157.jpg,id_157.jpg
158,Mark Newman,1981-10-09,DriverLicense,WA7488657,"650 Charles Villages Apt. 274, West Amber, IL 52659",selfie_158.jpg,id_158.jpg
159,Ryan Webster,1985-10-11,Passport,ZH2076866,"9900 Garcia Cape Suite 387, Fowlerburgh, ME 35191",selfie_159.jpg,id_159.jpg
160,Angela Fletcher,1987-03-06,DriverLicense,LX6491773,"9016 Cheryl Turnpike, Courtneytown, AL 88247",selfie_160.jpg,id_160.jpg
161,Megan Mason,1960-03-06,VoterID,KH4815132,"8071 Sanchez Mission Apt. 240, North Christopher, MD 00755",selfie_161.jpg,id_161.jpg
162,Allison Williams,1987-10-02,DriverLicense,WQ1912969,"24676 Kevin Crossing Suite 362, North Justinside, MD 66251",selfie_162.jpg,id_162.jpg
163,Wendy Henry,1996-03-23,Passport,NF4048749,"PSC 0811, Box 9377, APO AP 43024",selfie_163.jpg,id_163.jpg
164,Patrick Hunt,1962-10-27,DriverLicense,ZE6177153,"791 Martin Course, North Chadberg, GA 57347",selfie_164.jpg,id_164.jpg
165,Jack Harrison,1970-10-26,VoterID,LS0910180,"5659 Olson Orchard Apt. 782, North Wendyville, ID 62440",selfie_165.jpg,id_165.jpg
166,Jesse Rivera,1992-03-30,PAN,PC8743188,"32321 Wade Stravenue Apt. 376, Glasston, WI 96849",selfie_166.jpg,id_166.jpg
167,Alicia Sherman,1993-09-01,VoterID,XB8420182,"42223 Clark Cape, Annside, KS 27349",selfie_167.jpg,id_167.jpg
168,Lisa Davis,1991-08-05,Passport,VQ8488166,"58693 Lewis Drive, North Marcia, NC 21340",selfie_168.jpg,id_168.jpg
169,Michael Daniels,1965-04-02,Passport,NG3874795,"3594 Davis Dam, West Michael, CA 45660",selfie_169.jpg,id_169.jpg
170,Shane Petty,1992-11-10,VoterID,DF7535984,"25234 Richardson Curve Apt. 948, Veronicaland, KY 42186",selfie_170.jpg,id_170.jpg
171,James Smith,1985-11-22,PAN,ZD9827264,"20263 Bowers Centers Suite 095, Parkerville, CT 01814",selfie_171.jpg,id_171.jpg
172,Barry Roth,1962-02-18,PAN,ZQ1687671,"03449 Wayne Locks Apt. 070, Douglasport, NH 95208",selfie_172.jpg,id_172.jpg
173,Julie Soto,1960-10-24,VoterID,AQ8162689,"85651 Lori Hill Suite 559, West Keithfurt, GA 87614",selfie_173.jpg,id_173.jpg
174,Elizabeth Torres,2004-08-05,Passport,EI6755568,"USS Yu, FPO AA 60406",selfie_174.jpg,id_174.jpg
175,Christina Ingram,1980-07-22,Passport,EN8683198,"56471 Cantu Mission, Jonesport, NC 55936",selfie_175.jpg,id_175.jpg
176,Kristopher Faulkner,1962-07-14,VoterID,CK2546512,"2876 Vanessa Lock Suite 176, Caseyborough, PA 73622",selfie_176.jpg,id_176.jpg
177,Alan Taylor,2003-11-06,VoterID,KT4695453,"395 Brown Coves Suite 484, Tylerburgh, CT 89384",selfie_177.jpg,id_177.jpg
178,Christina Farley,2003-10-31,Passport,OW8481280,"40470 Steele Camp, North Michaelfort, WA 21333",selfie_178.jpg,id_178.jpg
179,Michelle Armstrong,1970-06-24,DriverLicense,CQ3654452,"9031 Blake Manor, West Kelseyhaven, TX 59590",selfie_179.jpg,id_179.jpg
180,Tamara Hebert,1996-04-15,DriverLicense,BY6303201,"68822 Gregory Crescent, New Rebeccamouth, NY 18470",selfie_180.jpg,id_180.jpg
181,Brandi Hernandez,2002-07-21,VoterID,OQ5330373,"58953 Wanda Union, Port Nicholas, ID 72769",selfie_181.jpg,id_181.jpg
182,Samantha Rosales,1964-09-27,PAN,YZ7982093,"53115 Madison Village, Lake Monica, AR 00985",selfie_182.jpg,id_182.jpg
183,Richard Alvarado,1979-08-05,DriverLicense,TQ1320454,"Unit 8907 Box 2240, DPO AP 42037",selfie_183.jpg,id_183.jpg
184,Jacob Rodriguez,2006-06-24,Aadhaar,OT6110857,"5670 Samantha Junction Apt. 954, Port Elizabethfurt, KS 37560",selfie_184.jpg,id_184.jpg
185,Dr. Jennifer Lopez,1962-07-26,PAN,DP7816477,"54540 Morgan Lakes Apt. 660, New Tracieside, NY 90017",selfie_185.jpg,id_185.jpg
186,Debra Montgomery,1962-02-23,VoterID,TB6052978,"89134 Lee Court Suite 963, New Rachel, DE 33763",selfie_186.jpg,id_186.jpg
187,Steven Hale,2001-09-20,Aadhaar,WS3559119,"616 George Grove, North Emilytown, MS 62919",selfie_187.jpg,id_187.jpg
188,Jessica Herman,1967-06-28,Aadhaar,MR3882153,"6673 Harrison Lodge, Freyport, WI 29209",selfie_188.jpg,id_188.jpg
189,Karen Munoz,1991-06-25,Passport,FK3575902,"5860 Wong Islands Apt. 515, West Chelseafort, IL 05207",selfie_189.jpg,id_189.jpg
190,Maurice Watson,1998-09-07,VoterID,IJ0688240,"107 Baker Plains Suite 596, Lake Todd, FL 17670",selfie_190.jpg,id_190.jpg
191,Sarah Oconnell,2004-07-26,VoterID,KU1737090,"48178 Michael Lodge, Emilyside, NE 81863",selfie_191.jpg,id_191.jpg
192,David Fisher,1977-01-24,Aadhaar,QW9911890,"7421 Schmidt Pike, Patricialand, NH 04464",selfie_192.jpg,id_192.jpg
193,Pamela Bell,1990-06-02,VoterID,JQ4873459,"464 Elizabeth Forge Suite 090, East Spencer, IN 44723",selfie_193.jpg,id_193.jpg
194,Kimberly Rhodes,1994-05-12,DriverLicense,GY7200480,"5619 Wright Burgs, West Kellyview, MS 27616",selfie_194.jpg,id_194.jpg
195,Sarah Smith,1997-10-28,Passport,WA3360482,"465 Patrick Junction, West Haroldton, PA 10188",selfie_195.jpg,id_195.jpg
196,Sarah White,2002-04-27,PAN,QX6131278,"25067 Elizabeth Locks, Port Kevinview, WY 88501",selfie_196.jpg,id_196.jpg
197,Christopher Winters,1973-06-25,VoterID,HG7752696,"113 Diana Gardens Apt. 313, Port Aaronville, GA 77970",selfie_197.jpg,id_197.jpg
198,Jacqueline Gonzalez,1970-09-10,Aadhaar,UO5108750,"7430 Sarah Ridges Suite 601, West Anne, MT 28133",selfie_198.jpg,id_198.jpg
199,Nicholas Wong,1983-06-06,PAN,NL8448374,"899 Torres Island Apt. 602, West Cherylfort, ND 70103",selfie_199.jpg,id_199.jpg
200,Jerry Wiggins,2007-06-28,PAN,AG9562957,"7350 Hall Street Apt. 052, Juliabury, DC 76131",selfie_200.jpg,id_200.jpg
201,Doris Fuller,2001-09-03,PAN,ZV3078089,"29143 Torres Drives Apt. 528, Evansbury, MS 46548",selfie_201.jpg,id_201.jpg
202,Susan Jackson,1967-08-11,Passport,XL4649775,"80794 Marc Expressway, New Allisonborough, WV 84971",selfie_202.jpg,id_202.jpg
203,Ronald Mason,1989-11-19,Aadhaar,ZZ3819052,"07873 Veronica Bridge, West Sarah, AK 65843",selfie_203.jpg,id_203.jpg
204,John Carson,1986-01-26,Passport,ZU4199300,"274 Blevins Union, Hortonchester, UT 52489",selfie_204.jpg,id_204.jpg
205,Shane Evans,1981-11-16,DriverLicense,YY2544517,"1042 Lisa Tunnel Apt. 881, West Henry, MO 63053",selfie_205.jpg,id_205.jpg
206,Sara Washington,1969-10-05,Passport,VZ0478118,"8235 Anthony Dale, Meganstad, AK 98638",selfie_206.jpg,id_206.jpg
207,Joseph Thomas,2006-07-14,Aadhaar,QZ4122357,"865 Lopez Unions Apt. 780, Port Carlos, IA 77418",selfie_207.jpg,id_207.jpg
208,Betty Hamilton,1969-08-22,PAN,FG5234409,"723 Levi Freeway Suite 784, Jeffreyfort, FL 21936",selfie_208.jpg,id_208.jpg
209,John Simmons,1979-12-24,VoterID,VL8743481,"8718 Cooper Parkway, New Ginamouth, WI 95932",selfie_209.jpg,id_209.jpg
210,Lisa Lewis,1961-04-19,PAN,YL9955501,"0848 Roberts Avenue, Charlestown, AR 77815",selfie_210.jpg,id_210.jpg
211,Richard Jones,1987-01-07,PAN,ZZ6820958,"663 Kimberly Haven Apt. 368, Robertsbury, AR 04800",selfie_211.jpg,id_211.jpg
212,Russell Rice,2006-08-30,Aadhaar,VF2285931,"189 Gutierrez Haven, Meganchester, KY 72970",selfie_212.jpg,id_212.jpg
213,Linda Hodge,1965-03-04,PAN,BG8929693,"106 Blake Lane, North Toddhaven, ID 56868",selfie_213.jpg,id_213.jpg
214,Scott Fields,1976-08-06,Aadhaar,AL0138481,"86216 Amber Mount Suite 590, West Ericaside, CO 79940",selfie_214.jpg,id_214.jpg
215,Kristen Hudson,1996-07-28,Aadhaar,ZC2805352,"741 Deborah Spurs Suite 219, Butlerfurt, MT 54958",selfie_215.jpg,id_215.jpg
216,Jessica Conner,1966-06-02,PAN,MS7618479,"3645 Laura Mount Apt. 157, Lawrencefurt, AL 11059",selfie_216.jpg,id_216.jpg
217,Mr. Adam Flores MD,1959-10-24,DriverLicense,EM7700219,"USCGC Garcia, FPO AA 03178",selfie_217.jpg,id_217.jpg
218,Tony Gonzalez,1974-02-26,VoterID,AN8879255,"7087 King Garden Apt. 746, Port Williamside, MO 64346",selfie_218.jpg,id_218.jpg
219,Timothy Vega,1977-10-15,DriverLicense,GB2098748,"706 Chavez Courts Apt. 076, Port Lisastad, HI 68226",selfie_219.jpg,id_219.jpg
220,Christian Gonzalez,2001-07-27,Passport,HJ0230126,"3297 Ryan Field, Emilyville, WI 04578",selfie_220.jpg,id_220.jpg
221,Andrew Carlson,1981-11-08,Passport,FP3448224,"PSC 7879, Box 6581, APO AA 50090",selfie_221.jpg,id_221.jpg
222,Cory Hunt,1992-10-13,VoterID,GE2096615,"0475 Avery Dam Suite 208, Lake Deborah, PA 78067",selfie_222.jpg,id_222.jpg
223,Patrick Smith,1988-10-09,DriverLicense,TS8127766,"529 Caroline Ridge Apt. 902, Port Amy, LA 67773",selfie_223.jpg,id_223.jpg
224,Charles Hughes,1972-01-17,Passport,JL7797950,"683 Nelson Center Suite 072, Christopherland, DC 84920",selfie_224.jpg,id_224.jpg
225,Diana Schmidt,2006-08-02,PAN,GX2117675,"27598 Johnathan Lodge Suite 064, South Lisa, WI 50264",selfie_225.jpg,id_225.jpg
226,Corey Harrison,1966-09-09,PAN,RT2222783,"0360 Emily Parkways Suite 433, North Ryanshire, SD 50728",selfie_226.jpg,id_226.jpg
227,Cody Wallace,1982-01-26,Passport,QU5751565,"39541 Stephanie Roads, Durhambury, CA 80795",selfie_227.jpg,id_227.jpg
228,Vincent Parker,1979-02-02,VoterID,NS3706336,"161 Amy Dam Apt. 106, Audreyview, NJ 96859",selfie_228.jpg,id_228.jpg
229,Diana Diaz,2002-09-20,Aadhaar,LY6895741,"86333 Moore Forks, West Jasonside, HI 22569",selfie_229.jpg,id_229.jpg
230,Perry Walker,1994-11-06,Passport,TS0459854,"USS Brown, FPO AP 11712",selfie_230.jpg,id_230.jpg
231,Marcus Johnson,1962-09-09,PAN,YB8219229,"PSC 6480, Box 1085, APO AP 45269",selfie_231.jpg,id_231.jpg
232,John Hall,1969-07-21,Passport,JX3016957,"0444 John River, Kimberlymouth, TX 80731",selfie_232.jpg,id_232.jpg
233,Sheila Logan,1974-02-27,PAN,NI4371783,"218 Pugh Stream Apt. 907, Jenniferberg, AZ 88973",selfie_233.jpg,id_233.jpg
234,Daniel Hernandez,1982-12-23,Passport,DJ7312781,"4241 Cruz Mountain, Jonesshire, SC 17549",selfie_234.jpg,id_234.jpg
235,Renee Sullivan,2003-03-19,VoterID,CG2426815,"6496 Ewing Summit, Lynchview, TN 82668",selfie_235.jpg,id_235.jpg
236,Amanda Barrett,1991-02-23,VoterID,XO5728575,"629 Leah Flat, Scottton, NJ 48630",selfie_236.jpg,id_236.jpg
237,Stephen Johnson,2002-07-18,Aadhaar,VE0643778,"1480 Brock Fort, East Nicoleshire, RI 83792",selfie_237.jpg,id_237.jpg
238,Rebecca Rice,2005-07-22,Passport,WG5834262,"986 Huerta Manor Suite 717, North Douglas, MO 57265",selfie_238.jpg,id_238.jpg
239,Sarah Torres,1970-03-27,Passport,XC1671838,"835 Johnson View Apt. 199, New Marissaview, MO 10317",selfie_239.jpg,id_239.jpg
240,Cody Hawkins,1970-02-09,PAN,AK4799611,"3943 Harper Stream Suite 317, West Patrickland, DC 45193",selfie_240.jpg,id_240.jpg
241,Brian Anderson,1977-04-12,Passport,RO8799455,"8010 Travis Plaza Apt. 200, Port Brittany, NE 14009",selfie_241.jpg,id_241.jpg
242,Austin Mcdaniel,1988-02-27,Aadhaar,VU2192651,"9097 Jose Avenue, Christopherland, WA 61832",selfie_242.jpg,id_242.jpg
243,Susan Weber,1964-03-13,DriverLicense,JQ9920872,"6086 Price Loop, South Ryanborough, DC 72544",selfie_243.jpg,id_243.jpg
244,Jade Castillo,2003-02-15,Passport,RF8436379,"665 Rebecca Motorway, Angelaland, VA 46063",selfie_244.jpg,id_244.jpg
245,Ashley Harding,1969-05-16,DriverLicense,DB7926786,"725 Robinson Springs Suite 423, Port Josephbury, MI 43664",selfie_245.jpg,id_245.jpg
246,Gary Ponce,1960-11-17,Aadhaar,UF4134334,"327 Holland Islands, Tiffanyhaven, HI 20072",selfie_246.jpg,id_246.jpg
247,Megan Johnson,1964-10-07,Aadhaar,MA9578058,"264 Robbins Crossing, Hannahmouth, AR 85000",selfie_247.jpg,id_247.jpg
248,Ashley Yu,1995-12-04,PAN,NI0722911,"4698 Victor Summit, West Michelle, ME 58761",selfie_248.jpg,id_248.jpg
249,Shelly Dunn,1976-08-10,VoterID,VR5527673,"27065 Jones Views Suite 935, Port Loritown, IA 61776",selfie_249.jpg,id_249.jpg
250,Thomas Castro,1977-12-29,DriverLicense,PB7743008,"6366 Walsh Ridge, New Amy, ID 71570",selfie_250.jpg,id_250.jpg
251,Anthony Robinson,1973-10-28,PAN,TZ5042903,"9747 Heidi Station, North Kristaburgh, HI 63792",selfie_251.jpg,id_251.jpg
252,Richard Bond,2003-10-03,PAN,XO1927984,"47866 Nelson Shoals, Dennisfort, UT 60781",selfie_252.jpg,id_252.jpg
253,Tiffany Johnson,1968-12-29,DriverLicense,CF2373431,"0184 Parsons Wells Apt. 922, Gallagherburgh, MD 39210",selfie_253.jpg,id_253.jpg
254,Craig Daniels,1963-03-09,PAN,TT3517903,"92714 Johnson Ports, Crossbury, HI 33515",selfie_254.jpg,id_254.jpg
255,Joshua Rowland,1989-12-25,Aadhaar,GQ5113843,"71886 John Village, Michaelhaven, CA 07208",selfie_255.jpg,id_255.jpg
256,Patricia Mullins,1977-06-11,Passport,QU2030460,"85451 Fields River, New Leah, MS 01833",selfie_256.jpg,id_256.jpg
257,Lisa Lin,1988-11-28,VoterID,KX3967009,"5505 Jessica Road Suite 562, Victoriachester, SC 98489",selfie_257.jpg,id_257.jpg
258,Justin Vargas,1983-01-17,VoterID,GB9256431,"47560 Keith Drives Apt. 091, Christianmouth, SD 44551",selfie_258.jpg,id_258.jpg
259,Angel Martin,1968-11-15,DriverLicense,UP5453517,"333 Christina Divide, Meganburgh, NJ 30946",selfie_259.jpg,id_259.jpg
260,Tracy White,1996-10-23,VoterID,BZ3801993,"675 Aguirre Inlet Apt. 180, Washingtonmouth, PA 90258",selfie_260.jpg,id_260.jpg
261,Kyle Oconnor,1999-04-03,VoterID,CL3223756,"842 Thomas Pass, Michaelfort, SD 87670",selfie_261.jpg,id_261.jpg
262,Mr. Douglas Baker MD,1983-05-17,Aadhaar,RK2856707,"28539 Miller Grove, Samanthaview, OH 88888",selfie_262.jpg,id_262.jpg
263,Andrew Perry MD,1965-05-23,PAN,DH8300726,"0217 Barrett Avenue, Stewartberg, MD 90607",selfie_263.jpg,id_263.jpg
264,Grace Underwood,1966-04-19,Aadhaar,GS7553538,"76052 Andrews Lock, Schaeferland, VA 59394",selfie_264.jpg,id_264.jpg
265,Carol Love,1994-09-28,PAN,LC2423227,"4566 Mark Club Suite 400, Julietown, AK 68045",selfie_265.jpg,id_265.jpg
266,Douglas Levine,2001-03-07,DriverLicense,EK4286371,"8579 Dennis Green Suite 001, Lake Joshua, WY 83739",selfie_266.jpg,id_266.jpg
267,Miranda Williams,2003-02-28,PAN,EX6066460,"PSC 6860, Box 3081, APO AA 51222",selfie_267.jpg,id_267.jpg
268,Jessica Smith,1965-12-31,Passport,RY2529410,"012 King Ways Suite 542, Port Jared, NM 58703",selfie_268.jpg,id_268.jpg
269,Angela Hernandez,1986-06-23,VoterID,BF3737921,"26356 Curtis Gardens, South Caleb, WA 67910",selfie_269.jpg,id_269.jpg
270,Elizabeth Rivers,1976-12-08,Passport,RX5857446,"69814 Lindsay Brooks, Port Alexandria, DC 61868",selfie_270.jpg,id_270.jpg
271,Terry Davis,1970-12-24,PAN,SO6217754,"97956 Brady Coves, North Patrick, OH 06060",selfie_271.jpg,id_271.jpg
272,Abigail Schaefer,1995-07-20,VoterID,CR2947005,"77939 Diana Overpass, West Meagan, VA 10292",selfie_272.jpg,id_272.jpg
273,Paul Reid,2002-05-13,Passport,GB8752711,"53423 April Valleys, West Deanna, AR 65816",selfie_273.jpg,id_273.jpg
274,Andrew Brock,1980-01-12,Aadhaar,IW1495465,"4345 David Coves Suite 153, South Jennifer, TN 49180",selfie_274.jpg,id_274.jpg
275,Karen Lee,1984-08-02,VoterID,MP8552272,"1288 Eric Orchard Suite 956, Salazarborough, IA 06881",selfie_275.jpg,id_275.jpg
276,Wayne Lynch,1961-12-14,DriverLicense,IV5661095,"29235 Curry Fort, Joshuamouth, DE 35114",selfie_276.jpg,id_276.jpg
277,Spencer Sandoval,1980-08-02,PAN,YQ3226305,"55443 Lori Overpass Suite 218, New Nicole, NV 28601",selfie_277.jpg,id_277.jpg
278,Ryan Hardy,1963-09-15,VoterID,HM1410755,"85718 Holden Ferry Suite 516, New David, UT 93543",selfie_278.jpg,id_278.jpg
279,Katie Nelson,1962-01-17,DriverLicense,PW7190391,"271 Michael Mill Apt. 671, East Edwardstad, MA 84004",selfie_279.jpg,id_279.jpg
280,Brianna Carter,1995-03-16,DriverLicense,AY0069724,"365 Jennifer Lodge Apt. 700, Jonesmouth, NY 84628",selfie_280.jpg,id_280.jpg
281,Robert James,2002-02-01,Passport,ZG3845154,"465 Gonzales Divide Apt. 726, Chadview, NY 60112",selfie_281.jpg,id_281.jpg
282,Stephen Williams,1975-07-07,VoterID,XI1261783,"7680 Benjamin Ranch, Wrightshire, NY 69209",selfie_282.jpg,id_282.jpg
283,Jason Dean,1976-12-31,Passport,PC2264328,"840 Flynn Greens Apt. 845, Lake Denisebury, LA 46907",selfie_283.jpg,id_283.jpg
284,Adam Johnson,1973-07-12,VoterID,HJ6325676,"417 Lopez Ferry, East Jacquelineland, DC 22479",selfie_284.jpg,id_284.jpg
285,Laura Swanson,1962-10-16,DriverLicense,SP8468836,"8894 Cody Forge Apt. 425, Lopezfort, ND 52989",selfie_285.jpg,id_285.jpg
286,Chelsea Young,1997-04-27,VoterID,SY9775986,"76074 Willis Walks, New Taraville, AZ 68078",selfie_286.jpg,id_286.jpg
287,Juan Bell,1974-01-24,Aadhaar,AQ6509761,"960 Taylor Branch, Judithport, NE 97825",selfie_287.jpg,id_287.jpg
288,Richard Simon,1966-03-09,Aadhaar,IJ7421903,"40525 Nicole Ridge, Coleport, WI 11205",selfie_288.jpg,id_288.jpg
289,Scott Tanner,1975-01-01,DriverLicense,UX7790269,"196 Rachel Hollow, Nancymouth, NJ 70260",selfie_289.jpg,id_289.jpg
290,Tammy Fletcher,2004-09-02,DriverLicense,FF3538450,"9708 Brianna Neck, Samanthaborough, MD 85344",selfie_290.jpg,id_290.jpg
291,Kevin Adams,2003-03-12,DriverLicense,WM0528851,"564 Harris Port, East Jeffstad, MN 80972",selfie_291.jpg,id_291.jpg
292,Scott Warner,1962-06-04,PAN,OO7023487,"0518 Jones Harbor Apt. 588, Adamsborough, TN 97251",selfie_292.jpg,id_292.jpg
293,Kayla Williams,1976-04-28,PAN,BM4251397,"6109 Sarah Estates Apt. 872, West Anna, NC 19070",selfie_293.jpg,id_293.jpg
294,Ray Johnson,1993-02-17,DriverLicense,BO6984017,"40423 Collins Hollow Suite 311, West Jamesbury, OR 84240",selfie_294.jpg,id_294.jpg
295,Daniel Fletcher,2006-09-21,Passport,NK3757526,"843 Cameron Forges, East Sharonview, NE 89598",selfie_295.jpg,id_295.jpg
296,Kimberly Navarro,1982-01-04,Aadhaar,SW4737940,"99724 Reid Greens Apt. 861, Sandramouth, MS 10281",selfie_296.jpg,id_296.jpg
297,Sandra Choi,1976-11-03,VoterID,GP0301895,"61427 Danielle Manor Suite 897, Daymouth, PA 83632",selfie_297.jpg,id_297.jpg
298,Samantha Flowers,1991-06-15,VoterID,CX8052840,"907 Spears Forks Suite 418, Albertfort, CO 55685",selfie_298.jpg,id_298.jpg
299,Bethany Martin,1987-02-18,Aadhaar,DZ2825924,"9232 Norton Motorway Suite 822, Wilsonmouth, WY 09636",selfie_299.jpg,id_299.jpg
300,Matthew Harris,1999-08-10,DriverLicense,WR9583416,"245 Williams Rest Apt. 666, Davidside, VA 41408",selfie_300.jpg,id_300.jpg
301,Devin Jennings,1995-07-15,VoterID,DI3236990,"3084 Daniels Mountain, Leachfort, NV 45132",selfie_301.jpg,id_301.jpg
302,Danny Coleman,1965-09-01,DriverLicense,EF7344228,"08484 Cunningham Fork Apt. 207, Holtbury, OR 24557",selfie_302.jpg,id_302.jpg
303,Ashley Hardy,1970-04-11,Aadhaar,ZA7598909,"3740 Pierce Extension Suite 679, Angelastad, PA 42822",selfie_303.jpg,id_303.jpg
304,Luke Watts,1963-11-03,VoterID,ZS6045290,"74122 Serrano Port, North Anita, CA 38116",selfie_304.jpg,id_304.jpg
305,Jessica Camacho,1999-06-10,PAN,UL3083824,"USCGC Brown, FPO AP 21450",selfie_305.jpg,id_305.jpg
306,Michael Carter,2000-06-04,VoterID,DD0099854,"599 Suarez Green, Lake Holly, LA 07443",selfie_306.jpg,id_306.jpg
307,Lisa Mitchell,1972-06-19,VoterID,MW1074645,"33760 Howe Rest, Martinfort, AK 91117",selfie_307.jpg,id_307.jpg
308,Ronald Henry,2004-10-11,Aadhaar,PH0247494,"113 Alexander Glen Suite 982, New Sarahchester, NV 80007",selfie_308.jpg,id_308.jpg
309,John Murphy,2002-12-30,PAN,KW9856523,"35691 Williams Station, Lake Jonathan, HI 05120",selfie_309.jpg,id_309.jpg
310,Shannon Dean,1978-08-13,Aadhaar,ID8678404,"428 Joseph Mission, Aguilarfort, NC 68855",selfie_310.jpg,id_310.jpg
311,Jacob Norton,1962-10-04,DriverLicense,NQ7612445,"011 Larsen Gardens Apt. 244, North Sherry, KY 98549",selfie_311.jpg,id_311.jpg
312,David Griffith,1985-03-04,DriverLicense,FQ7330817,"Unit 2957 Box 4777, DPO AE 59160",selfie_312.jpg,id_312.jpg
313,Scott Lowe,1970-11-29,DriverLicense,RH0663288,"00680 Melanie Spurs, North Jacobstad, LA 64972",selfie_313.jpg,id_313.jpg
314,Claire Johnson,1965-11-22,Passport,BT5263145,"369 Dominique Square, Gonzalesborough, KS 30516",selfie_314.jpg,id_314.jpg
315,Adrienne Williams,1968-11-03,VoterID,RI3428971,"748 Day Tunnel Apt. 980, Lindashire, DE 04627",selfie_315.jpg,id_315.jpg
316,David Shelton,1968-03-25,VoterID,TA2227319,"819 Martin Glen, Jonesfort, CO 54057",selfie_316.jpg,id_316.jpg
317,Kenneth Kemp,1972-07-11,PAN,ZX7161943,"591 Frederick Villages, Port Masonfort, TN 75675",selfie_317.jpg,id_317.jpg
318,Brittany Ward,2001-07-19,PAN,SC5719966,"1624 Jason Bridge, Kimburgh, AK 01225",selfie_318.jpg,id_318.jpg
319,Mark Lee,1969-06-23,VoterID,NF6267885,"4736 Watkins Turnpike, Kelleybury, MS 71480",selfie_319.jpg,id_319.jpg
320,Scott Sullivan,1973-12-09,Passport,DF4248735,"63339 Gonzales Tunnel, Hansenside, HI 53512",selfie_320.jpg,id_320.jpg
321,Jason Perkins,1982-03-11,DriverLicense,IN2318805,"Unit 4476 Box 0267, DPO AP 29526",selfie_321.jpg,id_321.jpg
322,Michael Williams,1997-04-14,VoterID,LW4569670,"6626 Lopez Loop Suite 323, North Robert, AR 93756",selfie_322.jpg,id_322.jpg
323,Mr. Christopher Novak,2001-07-06,PAN,QJ1116228,"10670 Anthony Rue Suite 066, Port Pamelaside, CT 35404",selfie_323.jpg,id_323.jpg
324,Angel Dennis,1992-10-09,PAN,JK0892845,"76596 William Tunnel, West Lauraville, WY 93633",selfie_324.jpg,id_324.jpg
325,Brenda Ruiz,1962-10-26,VoterID,KY7038742,"8216 Stacy Bridge Apt. 087, Millerfort, OR 82587",selfie_325.jpg,id_325.jpg
326,Mark Mullins,1984-03-01,DriverLicense,VD4641968,"Unit 6075 Box 6815, DPO AP 93407",selfie_326.jpg,id_326.jpg
327,Katherine Ortiz,1992-07-02,PAN,LH5920343,"53460 Todd Roads Apt. 439, Foxshire, MN 81475",selfie_327.jpg,id_327.jpg
328,Yvonne Clark,1999-12-26,Passport,QN5122343,"9386 Herrera Branch, North Juliefort, NH 31904",selfie_328.jpg,id_328.jpg
329,Stephanie Bishop,1976-09-18,Passport,IK4746277,"21897 King Rapid, Fletcherberg, CO 46959",selfie_329.jpg,id_329.jpg
330,Shawn Kelly,1992-12-10,PAN,WT7451110,"66206 Caldwell Heights, North Kristi, WA 48846",selfie_330.jpg,id_330.jpg
331,Cynthia Tucker,1972-11-11,PAN,QI2045093,"916 Amanda Hollow, Aliciaberg, MN 77387",selfie_331.jpg,id_331.jpg
332,Michele Chapman,1971-10-16,Passport,FQ4207870,"9407 Sanchez Underpass, New Krista, AZ 97237",selfie_332.jpg,id_332.jpg
333,Richard Mullins,1963-12-02,Passport,QV6601593,"858 Burton Circles Apt. 070, North Candiceburgh, VT 18399",selfie_333.jpg,id_333.jpg
334,Michael Martin,1977-01-05,VoterID,EF3591202,"5614 Kimberly Springs, Ballhaven, SC 60980",selfie_334.jpg,id_334.jpg
335,James Baker,2003-12-28,Passport,ZQ4419070,"2459 James Inlet, West Nicole, HI 06997",selfie_335.jpg,id_335.jpg
336,Thomas Gordon,1970-02-12,DriverLicense,FH3523555,"574 Crawford Gateway Apt. 910, Port Ryanville, UT 64769",selfie_336.jpg,id_336.jpg
337,Robert Watts,1989-02-25,PAN,AS7613737,"89959 Brown Ramp, Lake Teresaborough, VT 26191",selfie_337.jpg,id_337.jpg
338,David Roberts,1979-07-13,DriverLicense,GY1238168,"35992 Harris Crest, Harrischester, MI 73632",selfie_338.jpg,id_338.jpg
339,Carrie Wilson,2005-08-10,VoterID,GZ2755073,"2215 Mary Hollow, Port Taylor, VA 95041",selfie_339.jpg,id_339.jpg
340,Steven Baker,1999-12-09,VoterID,JF1304882,"38960 Miguel Squares, North Brenda, CT 37415",selfie_340.jpg,id_340.jpg
341,Laurie Nielsen,1974-05-05,Aadhaar,OO3911551,"090 Andrews Haven Apt. 735, Burnsville, UT 44757",selfie_341.jpg,id_341.jpg
342,Glen Glover,1994-10-22,VoterID,RK3840347,"7218 Torres Bypass Apt. 504, Jarvisside, AK 35088",selfie_342.jpg,id_342.jpg
343,Kevin Bailey,1996-08-10,DriverLicense,XO7074017,"69222 Jones Divide, Parkerside, WY 88049",selfie_343.jpg,id_343.jpg
344,Meagan Thomas,1964-02-22,Passport,DK4222107,"9862 Rivera Pine Apt. 387, Harthaven, VT 80103",selfie_344.jpg,id_344.jpg
345,Benjamin Hall,1968-07-12,PAN,QH4033413,"51945 Kathryn Lodge, West Cynthia, TX 62509",selfie_345.jpg,id_345.jpg
346,Justin Day,1960-07-11,Aadhaar,GG9177398,"136 Richardson Mount, Jessicashire, AZ 85764",selfie_346.jpg,id_346.jpg
347,Kevin Johnson,2005-01-11,Passport,HR7693381,"59022 Gregory Corner Suite 263, Smithfurt, OR 06306",selfie_347.jpg,id_347.jpg
348,Kristin Norman,1975-09-13,PAN,RA2953706,"55701 Karen Center Suite 230, South Michellemouth, CT 53590",selfie_348.jpg,id_348.jpg
349,Eric Doyle,1986-12-25,Passport,FL1349616,"233 Barbara Fork Apt. 607, Port Cheryl, MI 16185",selfie_349.jpg,id_349.jpg
350,Ashley Rodriguez,2003-03-06,Passport,UQ5618257,"711 David Meadows, North Arthurhaven, AL 12391",selfie_350.jpg,id_350.jpg
351,Ashley Mullins,1970-02-21,DriverLicense,ZR7558662,"93759 Anderson Ferry, Joneschester, GA 08870",selfie_351.jpg,id_351.jpg
352,Leslie White,2003-03-13,Aadhaar,OI3458924,"559 Brown Court, Gonzalezton, NH 70503",selfie_352.jpg,id_352.jpg
353,Brent Young,1995-02-28,Passport,FC4680539,"114 Angela Oval, Gailhaven, WV 80596",selfie_353.jpg,id_353.jpg
354,Randy Jennings,1969-12-13,Passport,KK4821273,"808 Samuel Cliffs, Vegabury, MS 99622",selfie_354.jpg,id_354.jpg
355,Ryan Brown,1967-03-13,Aadhaar,HD2504644,"08872 Chad Highway, East Tracychester, NC 99892",selfie_355.jpg,id_355.jpg
356,Angela Smith,1981-06-15,VoterID,UX5822387,"1092 King Port Suite 901, Jonesfurt, AL 55061",selfie_356.jpg,id_356.jpg
357,Audrey Mcclure,2007-04-30,Passport,CS6853237,"99661 Taylor Forest, Edwardsstad, CA 73990",selfie_357.jpg,id_357.jpg
358,Jon Clark,1983-04-07,VoterID,SD4819299,"74928 Cohen Squares, Wardville, MO 43364",selfie_358.jpg,id_358.jpg
359,Rachel Logan,1961-03-27,Passport,KP7678510,"063 Harris Drive, Woodborough, WV 54418",selfie_359.jpg,id_359.jpg
360,Laura Johnson,1978-06-14,PAN,TV9508777,"9920 Mary Lights, Castilloshire, SD 28283",selfie_360.jpg,id_360.jpg
361,Jennifer Burns,1964-02-07,Aadhaar,VK7816867,"417 Brown Locks, Whitestad, NE 67628",selfie_361.jpg,id_361.jpg
362,Angela Cooley,1960-03-08,DriverLicense,ML5098104,"5975 Stephen Gardens Suite 509, Belltown, NE 58413",selfie_362.jpg,id_362.jpg
363,Cristian Pierce,1980-08-07,DriverLicense,ET0922031,"00552 Martinez Mountains, Castroborough, AL 37186",selfie_363.jpg,id_363.jpg
364,Jake Zuniga,1977-02-19,DriverLicense,HN7152332,"530 Edward Curve, Brendafurt, MT 43626",selfie_364.jpg,id_364.jpg
365,Brian Chambers,2004-09-22,Aadhaar,JR5173040,"71059 William Forge, East Nicholas, FL 72921",selfie_365.jpg,id_365.jpg
366,Christy Guerra,1988-12-14,DriverLicense,DR7268630,"9316 Penny Rapids Suite 981, Port Cindyport, DC 24146",selfie_366.jpg,id_366.jpg
367,Jay Armstrong,1971-04-13,PAN,GP8760990,"540 Bruce Summit Apt. 571, Kelseyhaven, CA 66286",selfie_367.jpg,id_367.jpg
368,Jamie Decker,1960-08-25,Aadhaar,JC5414330,"260 Bates Turnpike, Port Brett, PA 06136",selfie_368.jpg,id_368.jpg
369,Mr. Austin Riley Jr.,1988-08-01,DriverLicense,HC9224081,"316 Craig Crest Suite 731, Martinezbury, OR 14759",selfie_369.jpg,id_369.jpg
370,Andrew Williams,1971-12-08,DriverLicense,AV3101013,"06333 John Turnpike, Port Nancy, VT 60055",selfie_370.jpg,id_370.jpg
371,Ronald Wilson,2000-06-10,PAN,LW1414197,"9050 Graham Street, East Thomasmouth, SC 03078",selfie_371.jpg,id_371.jpg
372,Christina Ellis,1959-12-04,Passport,GT0142186,"4571 Sarah Overpass, Morganville, OK 17621",selfie_372.jpg,id_372.jpg
373,Stephanie Cisneros,1975-05-22,PAN,VY6792850,"3670 Louis Shores, Stephenston, AL 24035",selfie_373.jpg,id_373.jpg
374,Paul Hansen,1980-01-08,PAN,SC4331425,"0893 Brian Station Suite 610, South Carrie, WA 10144",selfie_374.jpg,id_374.jpg
375,Teresa Owens,1999-02-28,VoterID,YL4428485,"5941 Samantha Stravenue Suite 921, Port Andrea, SC 72561",selfie_375.jpg,id_375.jpg
376,Mr. Matthew Smith,1971-06-18,Passport,PT3617871,"332 Stone Crossroad, New Christina, CO 35114",selfie_376.jpg,id_376.jpg
377,Jennifer Carter,1966-02-23,Passport,RW3453213,"152 Ryan Meadows Apt. 790, Arnoldmouth, NE 27179",selfie_377.jpg,id_377.jpg
378,Nichole Andersen,1985-02-24,PAN,OT8400828,"9971 Marie Mills, Milesfort, MO 42078",selfie_378.jpg,id_378.jpg
379,David Aguilar,1975-01-06,Aadhaar,IJ5104441,"PSC 0084, Box 2159, APO AE 52822",selfie_379.jpg,id_379.jpg
380,Sharon Terry,1976-12-10,VoterID,BR0116860,"USCGC Walker, FPO AP 13519",selfie_380.jpg,id_380.jpg
381,Gregory Vaughn,1980-06-24,Passport,YZ7456885,"2733 Schroeder Plaza, Tomfort, MA 12097",selfie_381.jpg,id_381.jpg
382,Mr. Travis Mckee,1978-01-19,PAN,CH9586653,"1044 Tonya Streets Apt. 537, New Stephen, NE 01309",selfie_382.jpg,id_382.jpg
383,Jennifer Powers,1994-12-05,PAN,AO9213797,"969 Angela Circles Apt. 074, West Wesley, NC 82166",selfie_383.jpg,id_383.jpg
384,Kerry Collins,1961-06-19,PAN,LD5404713,"Unit 0044 Box 6680, DPO AE 24772",selfie_384.jpg,id_384.jpg
385,Melissa Bennett,2005-10-07,Passport,OS4052039,"Unit 2311 Box 2343, DPO AE 71022",selfie_385.jpg,id_385.jpg
386,Diana Stephens,1989-06-22,PAN,KV9636081,"38588 Miller Passage, South Jose, AZ 06443",selfie_386.jpg,id_386.jpg
387,Kristina Jimenez,1964-04-28,DriverLicense,PG5478094,"243 Miller Trafficway Suite 350, South Ryanfort, SD 98276",selfie_387.jpg,id_387.jpg
388,David Young,1999-11-14,PAN,UK5215023,"88191 Butler Locks, Hoopershire, IA 88088",selfie_388.jpg,id_388.jpg
389,Michael Morales,1985-12-21,Passport,YP9079624,"387 Jake Knolls, Port Oliviachester, PA 52080",selfie_389.jpg,id_389.jpg
390,Stephanie Carrillo,1964-09-05,Aadhaar,RM3933475,"962 Joshua Vista Apt. 257, Davidfort, MT 28656",selfie_390.jpg,id_390.jpg
391,Sally Sims,1974-07-22,VoterID,ST4510348,"95948 Hebert Summit Suite 205, Lynchmouth, MS 72519",selfie_391.jpg,id_391.jpg
392,Kimberly Richards,1997-11-24,VoterID,JY9018852,"48135 Simon Walk Apt. 981, Lake Josephberg, RI 05337",selfie_392.jpg,id_392.jpg
393,Daniel Garner,1983-02-07,Aadhaar,FI9675633,"46385 Gina Pines, Andrewhaven, MA 63264",selfie_393.jpg,id_393.jpg
394,Alexander Dunn,1970-05-16,DriverLicense,JE4634214,"4600 Jill Pass, Wilsonside, WA 21308",selfie_394.jpg,id_394.jpg
395,Kathryn Fry,1976-08-07,VoterID,IS5747652,"748 Christopher Square, Lake Jessicachester, AL 26249",selfie_395.jpg,id_395.jpg
396,Leslie Bailey,1970-08-07,Aadhaar,QD8519310,"USNV Hernandez, FPO AA 62993",selfie_396.jpg,id_396.jpg
397,Marcus Cole,1974-04-16,Passport,EL6413967,"294 Christopher Bridge, Port Lonnie, MT 23578",selfie_397.jpg,id_397.jpg
398,Jason Brooks,1980-08-28,Aadhaar,MP9104949,"3439 Austin Squares Suite 899, Leeville, CA 33978",selfie_398.jpg,id_398.jpg
399,Ronald Vega,1981-10-06,VoterID,NL1594529,"PSC 9564, Box 9741, APO AA 06916",selfie_399.jpg,id_399.jpg
400,Karen Smith,1985-09-01,DriverLicense,HT2498836,"Unit 6424 Box 4797, DPO AP 90052",selfie_400.jpg,id_400.jpg
401,Andrea Singleton,1977-09-15,PAN,IA9771050,"PSC 1108, Box 1432, APO AP 36003",selfie_401.jpg,id_401.jpg
402,Amber Davis,1972-10-05,VoterID,RV7357164,"PSC 4182, Box 7409, APO AE 49780",selfie_402.jpg,id_402.jpg
403,Martin Thompson,1978-03-06,VoterID,VI3000453,"93327 Myers Ville Suite 226, Lake Ricardo, CT 00622",selfie_403.jpg,id_403.jpg
404,Edward Boone,1987-03-11,PAN,OI3229510,"0792 Brown Expressway, West Nancyfort, PA 57182",selfie_404.jpg,id_404.jpg
405,Eduardo Cruz,1980-01-26,VoterID,WS8738978,"45112 York Vista, West Renee, NV 97617",selfie_405.jpg,id_405.jpg
406,Amanda Bailey,1989-03-26,VoterID,RB1120527,"379 Ortiz Points Suite 946, South Jesseside, NV 54863",selfie_406.jpg,id_406.jpg
407,Kyle Taylor,1998-04-22,Aadhaar,KT4339678,"071 Karen Springs, East Ericmouth, TN 67158",selfie_407.jpg,id_407.jpg
408,Bryan Kramer,1992-08-06,Passport,LZ6267060,"61040 Sharon Avenue Suite 581, Lewisshire, FL 19605",selfie_408.jpg,id_408.jpg
409,Jerry Hess,1969-01-20,DriverLicense,QN3358191,"PSC 9991, Box 5205, APO AP 26037",selfie_409.jpg,id_409.jpg
410,Brian Bowman,1995-07-17,PAN,XX9610531,"Unit 8001 Box 8492, DPO AP 42229",selfie_410.jpg,id_410.jpg
411,Michael Wright,2000-04-04,Aadhaar,KZ9706556,"620 Gabriela Fork Suite 637, South Susanport, WV 58238",selfie_411.jpg,id_411.jpg
412,Lori Sanders,1985-05-13,Passport,QE3706128,"16283 Keith Fields Apt. 465, Clarkview, ND 67206",selfie_412.jpg,id_412.jpg
413,Jorge Castro,1964-12-31,Passport,MC9347028,"88614 Jesse Springs Apt. 806, Pierceport, MO 22122",selfie_413.jpg,id_413.jpg
414,Betty Simmons,2005-08-28,PAN,AT7830754,"62894 Cruz Loaf, Mcintoshfurt, TN 44603",selfie_414.jpg,id_414.jpg
415,James Daniel,1996-09-15,Aadhaar,GW4845500,"18162 James Coves, Deborahbury, AR 99677",selfie_415.jpg,id_415.jpg
416,Barbara Hebert,1972-02-16,Passport,JY0882611,"539 Reed Stream Suite 760, North Elizabethtown, AL 64991",selfie_416.jpg,id_416.jpg
417,Cristina Calhoun,1961-05-18,VoterID,PV8339378,"97789 Hunter Throughway Suite 523, Reidport, VT 20779",selfie_417.jpg,id_417.jpg
418,Jeffrey Lloyd,1976-08-24,Aadhaar,ZG6167155,"0823 Moran Stream, Haasfort, WY 80292",selfie_418.jpg,id_418.jpg
419,Jennifer Medina,1959-10-12,Aadhaar,TF6085178,"419 Schultz Hills Apt. 560, Steventown, DE 58449",selfie_419.jpg,id_419.jpg
420,Ashley Hayes,1971-11-15,VoterID,UT1034450,"546 Dunn Stream Suite 210, South Thomasstad, NV 19935",selfie_420.jpg,id_420.jpg
421,Keith Carter,1994-12-25,PAN,OK6472417,"Unit 7943 Box 1667, DPO AP 45021",selfie_421.jpg,id_421.jpg
422,Dawn Baker,1993-07-18,Passport,LD2165253,"78932 Jonathan Freeway, New Karen, OR 13187",selfie_422.jpg,id_422.jpg
423,Mary Villanueva,1990-06-14,Aadhaar,WL7205577,"16967 Melissa Skyway, Lake Christopher, NV 62332",selfie_423.jpg,id_423.jpg
424,Jeffrey Phillips,1971-06-13,VoterID,JQ6155011,"9787 Sherry Cape, Seanhaven, VA 10072",selfie_424.jpg,id_424.jpg
425,Amy Moore,1970-10-15,VoterID,YY6533426,"24751 Lisa Prairie, Hoffmanmouth, WV 85501",selfie_425.jpg,id_425.jpg
426,Todd Moody Jr.,1965-09-11,VoterID,CX4493879,"34573 John Radial Suite 403, West Chad, NY 89552",selfie_426.jpg,id_426.jpg
427,Kayla Hoffman,1971-09-24,PAN,PB5242391,"27727 Oliver Squares Suite 525, West Krista, MS 87125",selfie_427.jpg,id_427.jpg
428,Dale Roberts,1966-10-04,Aadhaar,IN6434626,"820 Foster Junction Suite 174, Sarahchester, MT 44518",selfie_428.jpg,id_428.jpg
429,Mary Rogers,2005-06-20,DriverLicense,QS4973473,"9634 Beltran Station, North Toddchester, CO 94708",selfie_429.jpg,id_429.jpg
430,Maria White,2002-11-01,DriverLicense,VF4101943,"4258 Cruz Port Suite 653, East Brianmouth, SC 24930",selfie_430.jpg,id_430.jpg
431,David Wilson,1961-01-02,PAN,HS3510218,"22215 Ramos Bypass Apt. 192, Mezaburgh, AZ 30503",selfie_431.jpg,id_431.jpg
432,Dennis Cross,1988-06-26,PAN,IB9737222,"268 Morrison Gardens Suite 569, Lake John, WA 06214",selfie_432.jpg,id_432.jpg
433,Adam Garza,1981-02-15,Passport,VL5380814,"004 Maureen Light Suite 741, Walterchester, CA 20952",selfie_433.jpg,id_433.jpg
434,Ashley Hall,2005-11-27,VoterID,FR6001941,"USS Johnson, FPO AA 68293",selfie_434.jpg,id_434.jpg
435,Eric Howard,2001-02-04,VoterID,AY2366159,"67956 Quinn Meadow Apt. 633, Port Lisahaven, ME 58968",selfie_435.jpg,id_435.jpg
436,Kimberly Decker,1969-02-23,DriverLicense,CN6901350,"12643 Christie Mountain Apt. 643, Wareton, DC 26351",selfie_436.jpg,id_436.jpg
437,Deborah Peterson,1974-06-12,Aadhaar,KU5539752,"731 Mills Bypass Suite 634, Jacquelineland, WV 35994",selfie_437.jpg,id_437.jpg
438,Tara Carpenter,1982-04-05,Passport,TW0575022,"91874 Jason Orchard, Port Brian, RI 00787",selfie_438.jpg,id_438.jpg
439,Stephanie Newman,1998-11-08,DriverLicense,CG2952779,"3904 Stephanie Place Suite 954, New Shannon, CT 58184",selfie_439.jpg,id_439.jpg
440,Brianna Hernandez,1985-08-04,Aadhaar,HZ3888940,"USNS Barajas, FPO AE 51623",selfie_440.jpg,id_440.jpg
441,Sheena Deleon,1994-03-06,PAN,VT7663558,"916 Diaz Plaza, North Alanmouth, DC 94848",selfie_441.jpg,id_441.jpg
442,Mrs. Mikayla Morse DDS,1982-09-16,DriverLicense,JR3222043,"61122 Brian Locks Suite 044, North Christian, VT 40007",selfie_442.jpg,id_442.jpg
443,Ann Maxwell,1974-12-13,PAN,TS4092834,"872 Bates Divide, West Doriston, NJ 73694",selfie_443.jpg,id_443.jpg
444,Amanda Moss,1998-08-03,Passport,FR9524742,"7230 Jessica Spurs Apt. 667, West Nicole, MA 51386",selfie_444.jpg,id_444.jpg
445,Rodney Kennedy,1971-08-05,DriverLicense,YK3180374,"2164 Thomas Parkway Suite 784, Port Deanna, WY 24857",selfie_445.jpg,id_445.jpg
446,Rebecca Cole,2001-09-13,VoterID,VC2974661,"86274 Michele Pass, Norrismouth, MA 59698",selfie_446.jpg,id_446.jpg
447,Lisa Zimmerman,1994-05-07,PAN,OP6807366,"71932 Adams Inlet, Rogerbury, CO 72848",selfie_447.jpg,id_447.jpg
448,Elaine Webb,1981-09-20,Aadhaar,OR3909709,"821 Lyons Path Apt. 512, New Christopher, IA 88415",selfie_448.jpg,id_448.jpg
449,Erik Walker,1977-03-06,Passport,QZ3355221,"8182 William Wells, Katherineside, NE 85808",selfie_449.jpg,id_449.jpg
450,Scott Mcmahon,1997-11-19,VoterID,DK5226337,"922 Caldwell Views, East Josephville, DC 82029",selfie_450.jpg,id_450.jpg
451,Dr. Jesus Klein,1961-08-01,DriverLicense,AE5872333,"6621 Proctor Union, South Lindaland, CT 69583",selfie_451.jpg,id_451.jpg
452,Anthony Mendoza,1986-02-17,Passport,RP4919859,"002 Theresa Lakes, West Meganborough, OK 73021",selfie_452.jpg,id_452.jpg
453,Jessica Jordan,2007-03-31,Passport,HX7871672,"599 Wolfe River, Matthewton, OR 93311",selfie_453.jpg,id_453.jpg
454,Jessica Greene,1981-04-05,Passport,RS7014790,"66697 Owen Village Apt. 898, Hoffmanland, IL 23152",selfie_454.jpg,id_454.jpg
455,David Horton,1999-05-03,PAN,JI8576667,"7445 Ramirez Glens Apt. 967, Rebeccatown, MO 63068",selfie_455.jpg,id_455.jpg
456,Brett Benitez,1986-06-07,Aadhaar,NF2657093,"64886 Victoria Hill Suite 815, Lake Denise, MN 51884",selfie_456.jpg,id_456.jpg
457,Lindsay Crawford,1982-10-07,Passport,HS1815072,"3653 Mata Tunnel Apt. 656, Huynhland, NE 44530",selfie_457.jpg,id_457.jpg
458,James Brown,1974-04-06,DriverLicense,LG3795824,"19643 Hopkins Estate Suite 135, Brooksside, UT 61422",selfie_458.jpg,id_458.jpg
459,Michael Mcdowell,1989-01-24,PAN,LM4480011,"667 Christy Flats, New Scott, AR 77835",selfie_459.jpg,id_459.jpg
460,Dr. Joanna Johnson,1971-06-29,DriverLicense,XX9843387,"6402 Andrade Curve Suite 697, Smithbury, RI 92324",selfie_460.jpg,id_460.jpg
461,Jennifer Norris,1989-07-21,Aadhaar,FL2555814,"620 Susan Island, Erinville, IL 02817",selfie_461.jpg,id_461.jpg
462,Elaine Gilbert,2006-08-01,PAN,GO0129113,"24681 Taylor Well Suite 809, Brownfort, NC 68692",selfie_462.jpg,id_462.jpg
463,Ashley Henderson,1973-09-01,VoterID,AI3322626,"54080 Reed Creek Apt. 487, East Tylermouth, OH 93603",selfie_463.jpg,id_463.jpg
464,Brandon Cook,2007-02-05,Aadhaar,DE1895220,"82297 Santana Heights Suite 207, South Scott, NE 50240",selfie_464.jpg,id_464.jpg
465,Richard Tran,1988-08-06,VoterID,JU4326565,"83592 Sarah Fork Apt. 347, Cunninghamside, VA 16774",selfie_465.jpg,id_465.jpg
466,Ruben Greer,1991-02-13,DriverLicense,IT0965062,"Unit 9982 Box 4188, DPO AP 94405",selfie_466.jpg,id_466.jpg
467,Steven Pierce,1967-04-14,Passport,HV8481011,"85106 Donaldson Flats, Teresamouth, AZ 27182",selfie_467.jpg,id_467.jpg
468,Brenda Oliver,1997-01-27,PAN,PJ5711179,"684 Christina Orchard, Michaelburgh, LA 88610",selfie_468.jpg,id_468.jpg
469,Tanner Richardson,2002-08-17,VoterID,AB3765686,"PSC 8399, Box 9255, APO AE 77974",selfie_469.jpg,id_469.jpg
470,Amanda Mcclure,1981-11-10,Passport,HJ5161704,"95016 Karen Lodge Suite 933, Johnsonchester, CA 78304",selfie_470.jpg,id_470.jpg
471,Janet Mosley,2004-10-28,Passport,KI7411235,"05993 Henry Freeway, Jessicashire, OH 74111",selfie_471.jpg,id_471.jpg
472,Robert Reeves,1978-12-29,Aadhaar,HD6475851,"06864 Castro Flat, Port Loriland, NM 74967",selfie_472.jpg,id_472.jpg
473,Peter Coleman,1995-01-08,PAN,SJ3862737,"76652 Burton Square Suite 025, New Angela, NC 30572",selfie_473.jpg,id_473.jpg
474,Monique Knight,1976-11-05,Aadhaar,AT7039244,"44489 Leonard Isle, New Emilyborough, LA 69118",selfie_474.jpg,id_474.jpg
475,Tiffany Myers,1961-11-20,Aadhaar,RA7827493,"89722 Rodriguez Glens Apt. 611, Lake Sean, RI 95940",selfie_475.jpg,id_475.jpg
476,Shannon Wood,1993-11-02,VoterID,RK0306642,"40501 Amy Neck, Jenningsborough, OK 58668",selfie_476.jpg,id_476.jpg
477,Dr. Matthew Ball,2004-06-26,PAN,WP4158941,"712 Howard Burg Suite 047, Benjaminfurt, NJ 40286",selfie_477.jpg,id_477.jpg
478,Gregory Rose Jr.,2004-02-14,PAN,JN5626398,"76084 Dustin Mission, Coreyland, AZ 27788",selfie_478.jpg,id_478.jpg
479,David Jacobs,1997-11-28,Passport,VT7163611,"0289 Victoria Fords Apt. 319, Perrymouth, NJ 27167",selfie_479.jpg,id_479.jpg
480,Julie Richardson,1989-02-26,DriverLicense,JI2313722,"930 Tiffany Mall, Kristinaton, NJ 23876",selfie_480.jpg,id_480.jpg
481,Laura Lara,1994-03-11,Passport,GG5764586,"3189 Hunt Green Suite 269, East Andrew, AR 03746",selfie_481.jpg,id_481.jpg
482,John Bishop,1987-04-28,PAN,UT3209231,"28208 Rebecca Islands, West Jesseville, GA 56469",selfie_482.jpg,id_482.jpg
483,Allen Bell,2005-02-15,PAN,ZZ7453958,"277 Jackie Divide, Meaganstad, NJ 15204",selfie_483.jpg,id_483.jpg
484,Jennifer Jones,1989-01-03,Passport,FX2608583,"34009 Brandon Pass, Williamsland, MA 12043",selfie_484.jpg,id_484.jpg
485,Stephanie Jackson,1961-04-20,Aadhaar,QZ4502799,"72012 Fernandez Throughway Apt. 028, Rollinstown, DE 09101",selfie_485.jpg,id_485.jpg
486,Karen Watson,2003-08-12,VoterID,AX0049082,"48513 Taylor Vista Apt. 881, Matthewport, PA 66081",selfie_486.jpg,id_486.jpg
487,Susan Smith,1996-04-07,PAN,NA0261107,"80955 Mallory Locks, North Wendyville, TX 51863",selfie_487.jpg,id_487.jpg
488,Joshua Smith,2006-07-01,Aadhaar,OI1775513,"82985 Garcia Trafficway Apt. 280, Davidhaven, MN 22328",selfie_488.jpg,id_488.jpg
489,William Murillo,1984-06-11,Aadhaar,HG9558476,"0241 Stokes Grove Apt. 612, Lewismouth, AL 98415",selfie_489.jpg,id_489.jpg
490,Anthony Campbell,1978-07-28,VoterID,ZC9893036,"9309 Smith Corner Suite 266, North Stephaniechester, WY 72605",selfie_490.jpg,id_490.jpg
491,Alexis Reed,1988-01-23,PAN,JR4814379,"639 Navarro Tunnel, Rosshaven, IA 22214",selfie_491.jpg,id_491.jpg
492,Eric Robinson,1993-07-31,VoterID,MU7623079,"285 Good Hill Suite 465, Evansfurt, CA 47455",selfie_492.jpg,id_492.jpg
493,Jenna Jennings,1983-12-16,Aadhaar,PN4219829,"89672 Fuller Streets Suite 260, Port Jennifertown, MO 99462",selfie_493.jpg,id_493.jpg
494,Stephanie Klein,1963-09-16,DriverLicense,XG2536337,"31616 Brittany Cliff Apt. 932, Knoxton, MT 52292",selfie_494.jpg,id_494.jpg
495,James Reyes,2001-05-31,DriverLicense,ZX7232214,"6443 Velez Estates Apt. 026, Jeffreytown, NY 43964",selfie_495.jpg,id_495.jpg
496,David Calderon,1975-01-21,DriverLicense,ZN4346185,"5808 Eric Locks Apt. 044, Loganport, WV 54890",selfie_496.jpg,id_496.jpg
497,Julia Reyes,2006-12-11,Aadhaar,WL7594840,"14476 Whitehead Heights Apt. 879, Christinaside, OR 54942",selfie_497.jpg,id_497.jpg
498,Crystal Brown,1984-04-01,PAN,ZR5829918,"027 Katie Trace Suite 669, Port Julie, WV 59925",selfie_498.jpg,id_498.jpg
499,Mary Meyers,2002-06-13,Aadhaar,MF3003364,"2306 Smith Keys, Loveland, VT 59971",selfie_499.jpg,id_499.jpg
500,John Willis,1997-12-17,PAN,UA1779084,"473 Leslie Terrace Apt. 787, South Denise, FL 74266",selfie_500.jpg,id_500.jpg
